<?xml version="1.0" encoding="UTF-8"?><?xml-stylesheet type='text/xsl' href='_UpgradeReport_Files/UpgradeReport.xslt'?><UpgradeLog>
<Properties><Property Name="Solution" Value="ZedGraphSample">
</Property><Property Name="Solution File" Value="C:\Users\sudhir\Desktop\ZedGraphSampleVB_v5.0.9\ZedGraphSample.sln">
</Property><Property Name="Date" Value="Thursday, May 08, 2014">
</Property><Property Name="Time" Value="15:27 PM">
</Property></Properties><Event ErrorLevel="0" Project="" Source="ZedGraphSample.sln" Description="File successfully backed up as C:\Users\sudhir\Desktop\ZedGraphSampleVB_v5.0.9\Backup\ZedGraphSample.sln">
</Event><Event ErrorLevel="0" Project="ZedGraphSample" Source="ZedGraphSample\ZedGraphSample.vbproj" Description="Project file successfully backed up as C:\Users\sudhir\Desktop\ZedGraphSampleVB_v5.0.9\Backup\ZedGraphSample\ZedGraphSample.vbproj">
</Event><Event ErrorLevel="0" Project="ZedGraphSample" Source="ZedGraphSample\Form1.vb" Description="File successfully backed up as C:\Users\sudhir\Desktop\ZedGraphSampleVB_v5.0.9\Backup\ZedGraphSample\Form1.vb">
</Event><Event ErrorLevel="0" Project="ZedGraphSample" Source="ZedGraphSample\Form1.Designer.vb" Description="File successfully backed up as C:\Users\sudhir\Desktop\ZedGraphSampleVB_v5.0.9\Backup\ZedGraphSample\Form1.Designer.vb">
</Event><Event ErrorLevel="0" Project="ZedGraphSample" Source="ZedGraphSample\My Project\AssemblyInfo.vb" Description="File successfully backed up as C:\Users\sudhir\Desktop\ZedGraphSampleVB_v5.0.9\Backup\ZedGraphSample\My Project\AssemblyInfo.vb">
</Event><Event ErrorLevel="0" Project="ZedGraphSample" Source="ZedGraphSample\My Project\Application.Designer.vb" Description="File successfully backed up as C:\Users\sudhir\Desktop\ZedGraphSampleVB_v5.0.9\Backup\ZedGraphSample\My Project\Application.Designer.vb">
</Event><Event ErrorLevel="0" Project="ZedGraphSample" Source="ZedGraphSample\My Project\Resources.Designer.vb" Description="File successfully backed up as C:\Users\sudhir\Desktop\ZedGraphSampleVB_v5.0.9\Backup\ZedGraphSample\My Project\Resources.Designer.vb">
</Event><Event ErrorLevel="0" Project="ZedGraphSample" Source="ZedGraphSample\My Project\Settings.Designer.vb" Description="File successfully backed up as C:\Users\sudhir\Desktop\ZedGraphSampleVB_v5.0.9\Backup\ZedGraphSample\My Project\Settings.Designer.vb">
</Event><Event ErrorLevel="0" Project="ZedGraphSample" Source="ZedGraphSample\My Project\Application.myapp" Description="File successfully backed up as C:\Users\sudhir\Desktop\ZedGraphSampleVB_v5.0.9\Backup\ZedGraphSample\My Project\Application.myapp">
</Event><Event ErrorLevel="0" Project="ZedGraphSample" Source="ZedGraphSample\My Project\Settings.settings" Description="File successfully backed up as C:\Users\sudhir\Desktop\ZedGraphSampleVB_v5.0.9\Backup\ZedGraphSample\My Project\Settings.settings">
</Event><Event ErrorLevel="0" Project="ZedGraphSample" Source="ZedGraphSample\Form1.resx" Description="File successfully backed up as C:\Users\sudhir\Desktop\ZedGraphSampleVB_v5.0.9\Backup\ZedGraphSample\Form1.resx">
</Event><Event ErrorLevel="0" Project="ZedGraphSample" Source="ZedGraphSample\My Project\Resources.resx" Description="File successfully backed up as C:\Users\sudhir\Desktop\ZedGraphSampleVB_v5.0.9\Backup\ZedGraphSample\My Project\Resources.resx">
</Event><Event ErrorLevel="1" Project="ZedGraphSample" Source="ZedGraphSample\ZedGraphSample.vbproj" Description="Your project is targeting .NET Framework 2.0 or 3.0. If your project uses assemblies requiring a newer .NET Framework, your project will fail to build. You can change the .NET Framework version by clicking Properties on the project menu and then selecting a new version in the '.NET Framework' dropdown box. (In Visual Basic, this is located on the Compile tab by clicking the 'Advanced Compiler Options...' button.)">
</Event><Event ErrorLevel="0" Project="ZedGraphSample" Source="ZedGraphSample\ZedGraphSample.vbproj" Description="Project converted successfully">
</Event><Event ErrorLevel="3" Project="ZedGraphSample" Source="ZedGraphSample\ZedGraphSample.vbproj" Description="Converted">
</Event><Event ErrorLevel="0" Project="" Source="ZedGraphSample.sln" Description="Solution converted successfully">
</Event><Event ErrorLevel="3" Project="" Source="ZedGraphSample.sln" Description="Converted">
</Event><Event ErrorLevel="0" Project="ZedGraphSample" Source="ZedGraphSample\ZedGraphSample.vbproj" Description="Scan complete: Upgrade not required for project files.">
</Event></UpgradeLog>